{
  "Link Color" : {
    "Red Component" : 0.023000000044703484,
    "Color Space" : "Calibrated",
    "Blue Component" : 0.67799997329711914,
    "Alpha Component" : 1,
    "Green Component" : 0.27000001072883606
  },
  "Tags" : [

  ],
  "Ansi 12 Color" : {
    "Red Component" : 0.40709255429858715,
    "Color Space" : "sRGB",
    "Blue Component" : 1,
    "Alpha Component" : 1,
    "Green Component" : 0.402496337890625
  },
  "Ansi 7 Color" : {
    "Red Component" : 0.9161105751991272,
    "Color Space" : "Calibrated",
    "Blue Component" : 0.79781097173690796,
    "Alpha Component" : 1,
    "Green Component" : 0.89001232385635376
  },
  "Ansi 8 Color" : {
    "Red Component" : 0.13050821423530579,
    "Color Space" : "Calibrated",
    "Blue Component" : 0.34423351287841797,
    "Alpha Component" : 1,
    "Green Component" : 0.18263298273086548
  },
  "Bold Color" : {
    "Red Component" : 1,
    "Color Space" : "Calibrated",
    "Blue Component" : 1,
    "Alpha Component" : 1,
    "Green Component" : 1
  },
  "Ansi 9 Color" : {
    "Red Component" : 0.74176251888275146,
    "Color Space" : "Calibrated",
    "Blue Component" : 0.073530428111553192,
    "Alpha Component" : 1,
    "Green Component" : 0.21325297653675079
  },
  "Ansi 0 Color" : {
    "Red Component" : 0.10749153792858124,
    "Color Space" : "Calibrated",
    "Blue Component" : 0.21137814223766327,
    "Alpha Component" : 1,
    "Green Component" : 0.1339864581823349
  },
  "Ansi 2 Color" : {
    "Red Component" : 0.33354747456246514,
    "Color Space" : "sRGB",
    "Blue Component" : 0.30843747314065695,
    "Alpha Component" : 1,
    "Green Component" : 0.71820068359375
  },
  "Rows" : 25,
  "Default Bookmark" : "No",
  "Cursor Guide Color" : {
    "Red Component" : 0.64999997615814209,
    "Color Space" : "Calibrated",
    "Blue Component" : 1,
    "Alpha Component" : 0.25,
    "Green Component" : 0.9100000262260437
  },
  "Non-ASCII Anti Aliased" : true,
  "Use Bright Bold" : true,
  "Ansi 10 Color" : {
    "Red Component" : 0.26150961220264435,
    "Color Space" : "sRGB",
    "Blue Component" : 0.58512549875168962,
    "Alpha Component" : 1,
    "Green Component" : 0.6943359375
  },
  "Icon" : 1,
  "Ambiguous Double Width" : false,
  "Jobs to Ignore" : [
    "rlogin",
    "ssh",
    "slogin",
    "telnet"
  ],
  "Show Status Bar" : true,
  "Ansi 15 Color" : {
    "Red Component" : 0.98943412303924561,
    "Color Space" : "Calibrated",
    "Blue Component" : 0.8640596866607666,
    "Alpha Component" : 1,
    "Green Component" : 0.95794379711151123
  },
  "Foreground Color" : {
    "Red Component" : 0.6978834867477417,
    "Color Space" : "Calibrated",
    "Blue Component" : 0.79690432548522949,
    "Alpha Component" : 1,
    "Green Component" : 0.82020604610443115
  },
  "Bound Hosts" : [

  ],
  "Working Directory" : "\/Users\/sini",
  "Blinking Cursor" : false,
  "Use Tab Color" : false,
  "Sync Title" : false,
  "Prompt Before Closing 2" : false,
  "BM Growl" : true,
  "Command" : "",
  "Description" : "Default",
  "Disable Window Resizing" : true,
  "Mouse Reporting" : true,
  "Screen" : -1,
  "Selection Color" : {
    "Red Component" : 0.9161105751991272,
    "Color Space" : "Calibrated",
    "Blue Component" : 0.79781097173690796,
    "Alpha Component" : 1,
    "Green Component" : 0.89001232385635376
  },
  "Only The Default BG Color Uses Transparency" : false,
  "Columns" : 80,
  "Idle Code" : 0,
  "Ansi 13 Color" : {
    "Red Component" : 0.34792381525039673,
    "Color Space" : "Calibrated",
    "Blue Component" : 0.71791666746139526,
    "Alpha Component" : 1,
    "Green Component" : 0.35137161612510681
  },
  "Custom Command" : "No",
  "ASCII Anti Aliased" : true,
  "Non Ascii Font" : "Monaco 12",
  "Vertical Spacing" : 1,
  "Use Bold Font" : true,
  "Option Key Sends" : 0,
  "Selected Text Color" : {
    "Red Component" : 0.44058021903038025,
    "Color Space" : "Calibrated",
    "Blue Component" : 0.51685798168182373,
    "Alpha Component" : 1,
    "Green Component" : 0.50962930917739868
  },
  "Background Color" : {
    "Red Component" : 0.065302625298500061,
    "Color Space" : "Calibrated",
    "Blue Component" : 0.13486117124557495,
    "Alpha Component" : 1,
    "Green Component" : 0.082913517951965332
  },
  "Character Encoding" : 4,
  "Ansi 11 Color" : {
    "Red Component" : 0.66282048429070528,
    "Color Space" : "sRGB",
    "Blue Component" : 0.47908742912113667,
    "Alpha Component" : 1,
    "Green Component" : 0.703033447265625
  },
  "Use Italic Font" : true,
  "Unlimited Scrollback" : false,
  "Keyboard Map" : {
    "0xf700-0x260000" : {
      "Text" : "[1;6A",
      "Action" : 10
    },
    "0x37-0x40000" : {
      "Text" : "0x1f",
      "Action" : 11
    },
    "0x32-0x40000" : {
      "Text" : "0x00",
      "Action" : 11
    },
    "0xf709-0x20000" : {
      "Text" : "[17;2~",
      "Action" : 10
    },
    "0xf70c-0x20000" : {
      "Text" : "[20;2~",
      "Action" : 10
    },
    "0xf729-0x20000" : {
      "Text" : "[1;2H",
      "Action" : 10
    },
    "0xf72b-0x40000" : {
      "Text" : "[1;5F",
      "Action" : 10
    },
    "0xf705-0x20000" : {
      "Text" : "[1;2Q",
      "Action" : 10
    },
    "0xf703-0x260000" : {
      "Text" : "[1;6C",
      "Action" : 10
    },
    "0xf700-0x220000" : {
      "Text" : "[1;2A",
      "Action" : 10
    },
    "0xf701-0x280000" : {
      "Text" : "0x1b 0x1b 0x5b 0x42",
      "Action" : 11
    },
    "0x38-0x40000" : {
      "Text" : "0x7f",
      "Action" : 11
    },
    "0x33-0x40000" : {
      "Text" : "0x1b",
      "Action" : 11
    },
    "0xf703-0x220000" : {
      "Text" : "[1;2C",
      "Action" : 10
    },
    "0xf701-0x240000" : {
      "Text" : "[1;5B",
      "Action" : 10
    },
    "0xf70d-0x20000" : {
      "Text" : "[21;2~",
      "Action" : 10
    },
    "0xf702-0x260000" : {
      "Text" : "[1;6D",
      "Action" : 10
    },
    "0xf729-0x40000" : {
      "Text" : "[1;5H",
      "Action" : 10
    },
    "0xf706-0x20000" : {
      "Text" : "[1;2R",
      "Action" : 10
    },
    "0x34-0x40000" : {
      "Text" : "0x1c",
      "Action" : 11
    },
    "0xf700-0x280000" : {
      "Text" : "0x1b 0x1b 0x5b 0x41",
      "Action" : 11
    },
    "0x2d-0x40000" : {
      "Text" : "0x1f",
      "Action" : 11
    },
    "0xf70e-0x20000" : {
      "Text" : "[23;2~",
      "Action" : 10
    },
    "0xf702-0x220000" : {
      "Text" : "[1;2D",
      "Action" : 10
    },
    "0xf703-0x280000" : {
      "Text" : "0x1b 0x1b 0x5b 0x43",
      "Action" : 11
    },
    "0xf700-0x240000" : {
      "Text" : "[1;5A",
      "Action" : 10
    },
    "0xf707-0x20000" : {
      "Text" : "[1;2S",
      "Action" : 10
    },
    "0xf70a-0x20000" : {
      "Text" : "[18;2~",
      "Action" : 10
    },
    "0x35-0x40000" : {
      "Text" : "0x1d",
      "Action" : 11
    },
    "0xf70f-0x20000" : {
      "Text" : "[24;2~",
      "Action" : 10
    },
    "0xf703-0x240000" : {
      "Text" : "[1;5C",
      "Action" : 10
    },
    "0xf701-0x260000" : {
      "Text" : "[1;6B",
      "Action" : 10
    },
    "0xf702-0x280000" : {
      "Text" : "0x1b 0x1b 0x5b 0x44",
      "Action" : 11
    },
    "0xf72b-0x20000" : {
      "Text" : "[1;2F",
      "Action" : 10
    },
    "0x36-0x40000" : {
      "Text" : "0x1e",
      "Action" : 11
    },
    "0xf708-0x20000" : {
      "Text" : "[15;2~",
      "Action" : 10
    },
    "0xf701-0x220000" : {
      "Text" : "[1;2B",
      "Action" : 10
    },
    "0xf70b-0x20000" : {
      "Text" : "[19;2~",
      "Action" : 10
    },
    "0xf702-0x240000" : {
      "Text" : "[1;5D",
      "Action" : 10
    },
    "0xf704-0x20000" : {
      "Text" : "[1;2P",
      "Action" : 10
    }
  },
  "Window Type" : 0,
  "Background Image Location" : "",
  "Blur" : false,
  "Badge Color" : {
    "Red Component" : 1,
    "Color Space" : "Calibrated",
    "Blue Component" : 0,
    "Alpha Component" : 0.5,
    "Green Component" : 0
  },
  "Scrollback Lines" : 5000,
  "Send Code When Idle" : false,